venue,teamplaying,groundavgscore,teamavgscore,matchscore
"Rajiv Gandhi International Stadium, Uppal",Sunrisers Hyderabad,144,153,207
Maharashtra Cricket Association Stadium,Mumbai Indians,170,173,184
Saurashtra Cricket Association Stadium,Gujarat Lions,154,149,183
Holkar Cricket Stadium,Rising Pune Supergiant,129,158,163
M.Chinnaswamy Stadium,Royal Challengers Bangalore,149,208,157
"Rajiv Gandhi International Stadium, Uppal",Gujarat Lions,144,149,135
Wankhede Stadium,Kolkata Knight Riders,166,159,178
Holkar Cricket Stadium,Royal Challengers Bangalore,129,208,148
Maharashtra Cricket Association Stadium,Delhi Daredevils,170,140,205
Wankhede Stadium,Sunrisers Hyderabad,166,153,158
Eden Gardens,Kings XI Punjab,164,171,170
M Chinnaswamy Stadium,Royal Challengers Bangalore,184,208,142
Saurashtra Cricket Association Stadium,Rising Pune Supergiant,154,158,171
Eden Gardens,Kolkata Knight Riders,164,159,172
Feroz Shah Kotla,Delhi Daredevils,166,140,188
Wankhede Stadium,Gujarat Lions,166,149,176
M Chinnaswamy Stadium,Rising Pune Supergiant,184,158,161
Feroz Shah Kotla,Delhi Daredevils,166,140,168
"Rajiv Gandhi International Stadium, Uppal",Sunrisers Hyderabad,144,153,159
Saurashtra Cricket Association Stadium,Royal Challengers Bangalore,154,208,213
"Rajiv Gandhi International Stadium, Uppal",Sunrisers Hyderabad,144,153,191
Holkar Cricket Stadium,Kings XI Punjab,129,171,198
Eden Gardens,Kolkata Knight Riders,164,159,187
Wankhede Stadium,Mumbai Indians,166,173,142
Maharashtra Cricket Association Stadium,Sunrisers Hyderabad,170,153,176
Saurashtra Cricket Association Stadium,Kings XI Punjab,154,171,188
Eden Gardens,Kolkata Knight Riders,164,159,131
Wankhede Stadium,Rising Pune Supergiant,166,158,160
Maharashtra Cricket Association Stadium,Rising Pune Supergiant,170,158,182
M Chinnaswamy Stadium,Royal Challengers Bangalore,184,208,134
Eden Gardens,Delhi Daredevils,164,140,160
"Punjab Cricket Association IS Bindra Stadium, Mohali",Sunrisers Hyderabad,176,153,207
Maharashtra Cricket Association Stadium,Rising Pune Supergiant,170,158,157
Saurashtra Cricket Association Stadium,Gujarat Lions,154,149,153
"Punjab Cricket Association IS Bindra Stadium, Mohali",Delhi Daredevils,176,140,67
"Rajiv Gandhi International Stadium, Uppal",Sunrisers Hyderabad,144,153,209
Wankhede Stadium,Royal Challengers Bangalore,166,208,162
Maharashtra Cricket Association Stadium,Gujarat Lions,170,149,161
Feroz Shah Kotla,Sunrisers Hyderabad,166,153,185
Eden Gardens,Kolkata Knight Riders,164,159,155
Feroz Shah Kotla,Gujarat Lions,166,149,208
M Chinnaswamy Stadium,Kings XI Punjab,184,171,138
"Rajiv Gandhi International Stadium, Uppal",Rising Pune Supergiant,144,158,148
Feroz Shah Kotla,Mumbai Indians,166,173,212
M Chinnaswamy Stadium,Royal Challengers Bangalore,184,208,158
"Punjab Cricket Association IS Bindra Stadium, Mohali",Kings XI Punjab,176,171,189
"Rajiv Gandhi International Stadium, Uppal",Mumbai Indians,144,173,138
"Punjab Cricket Association IS Bindra Stadium, Mohali",Kings XI Punjab,176,171,167
Green Park,Gujarat Lions,148,149,195
Wankhede Stadium,Kings XI Punjab,166,171,230
Feroz Shah Kotla,Delhi Daredevils,166,140,168
Green Park,Gujarat Lions,148,149,154
Eden Gardens,Mumbai Indians,164,173,173
Maharashtra Cricket Association Stadium,Kings XI Punjab,170,171,73
Feroz Shah Kotla,Royal Challengers Bangalore,166,208,161
Wankhede Stadium,Rising Pune Supergiant,166,158,162
M Chinnaswamy Stadium,Sunrisers Hyderabad,184,153,128
M Chinnaswamy Stadium,Kolkata Knight Riders,184,159,107
"Rajiv Gandhi International Stadium, Uppal",Mumbai Indians,144,173,129
Wankhede Stadium,Mumbai Indians,166,173,165
Punjab Cricket Association IS Bindra Stadium,Delhi Daredevils,174,140,166
Eden Gardens,Royal Challengers Bangalore,164,208,176
Rajiv Gandhi International Stadium,Rajasthan Royals,165,185,125
MA Chidambaram Stadium,Kolkata Knight Riders,148,159,202
Sawai Mansingh Stadium,Rajasthan Royals,151,185,153
Rajiv Gandhi International Stadium,Mumbai Indians,165,173,147
M.Chinnaswamy Stadium,Kings XI Punjab,149,171,155
Wankhede Stadium,Mumbai Indians,166,173,194
Eden Gardens,Kolkata Knight Riders,164,159,138
M.Chinnaswamy Stadium,Rajasthan Royals,149,185,217
Punjab Cricket Association IS Bindra Stadium,Kings XI Punjab,174,171,197
Eden Gardens,Kolkata Knight Riders,164,159,200
Wankhede Stadium,Mumbai Indians,166,173,213
Sawai Mansingh Stadium,Rajasthan Royals,151,185,160
Punjab Cricket Association IS Bindra Stadium,Kings XI Punjab,174,171,193
Maharashtra Cricket Association Stadium,Chennai Super Kings,170,137,204
Eden Gardens,Kolkata Knight Riders,164,159,191
M.Chinnaswamy Stadium,Delhi Daredevils,149,140,174
Rajiv Gandhi International Stadium,Chennai Super Kings,165,137,182
Sawai Mansingh Stadium,Mumbai Indians,151,173,167
Arun Jaitley Stadium,Kings XI Punjab,144,171,143
Wankhede Stadium,Sunrisers Hyderabad,166,153,118
M.Chinnaswamy Stadium,Royal Challengers Bangalore,149,208,205
Rajiv Gandhi International Stadium,Sunrisers Hyderabad,165,153,132
Arun Jaitley Stadium,Delhi Daredevils,144,140,219
Maharashtra Cricket Association Stadium,Chennai Super Kings,170,137,169
Sawai Mansingh Stadium,Sunrisers Hyderabad,151,153,151
M.Chinnaswamy Stadium,Royal Challengers Bangalore,149,208,175
Maharashtra Cricket Association Stadium,Chennai Super Kings,170,137,211
M.Chinnaswamy Stadium,Royal Challengers Bangalore,149,208,167
Arun Jaitley Stadium,Delhi Daredevils,144,140,196
Eden Gardens,Chennai Super Kings,164,137,177
Holkar Cricket Stadium,Kings XI Punjab,129,171,174
Maharashtra Cricket Association Stadium,Royal Challengers Bangalore,170,208,127
Rajiv Gandhi International Stadium,Delhi Daredevils,165,140,163
Wankhede Stadium,Mumbai Indians,166,173,181
Holkar Cricket Stadium,Rajasthan Royals,129,185,152
Rajiv Gandhi International Stadium,Sunrisers Hyderabad,165,153,146
Sawai Mansingh Stadium,Rajasthan Royals,151,185,158
Eden Gardens,Mumbai Indians,164,173,210
Arun Jaitley Stadium,Delhi Daredevils,144,140,187
Sawai Mansingh Stadium,Chennai Super Kings,151,137,176
Holkar Cricket Stadium,Kolkata Knight Riders,129,159,245
Arun Jaitley Stadium,Delhi Daredevils,144,140,181
Maharashtra Cricket Association Stadium,Sunrisers Hyderabad,170,153,179
Wankhede Stadium,Mumbai Indians,166,173,168
Holkar Cricket Stadium,Kings XI Punjab,129,171,88
Eden Gardens,Rajasthan Royals,164,185,142
Wankhede Stadium,Mumbai Indians,166,173,186
M.Chinnaswamy Stadium,Royal Challengers Bangalore,149,208,218
Arun Jaitley Stadium,Delhi Daredevils,144,140,162
Sawai Mansingh Stadium,Rajasthan Royals,151,185,164
Rajiv Gandhi International Stadium,Sunrisers Hyderabad,165,153,172
Arun Jaitley Stadium,Delhi Daredevils,144,140,174
Maharashtra Cricket Association Stadium,Kings XI Punjab,170,171,153
Wankhede Stadium,Sunrisers Hyderabad,166,153,139
Eden Gardens,Kolkata Knight Riders,164,159,169
Eden Gardens,Sunrisers Hyderabad,164,153,174
Wankhede Stadium,Sunrisers Hyderabad,166,153,178
MA Chidambaram Stadium,Royal Challengers Bangalore,148,208,70
Eden Gardens,Sunrisers Hyderabad,164,153,181
Wankhede Stadium,Delhi Capitals,166,157,213
Sawai Mansingh Stadium,Kings XI Punjab,151,171,184
Arun Jaitley Stadium,Delhi Capitals,144,157,147
Eden Gardens,Kolkata Knight Riders,164,159,218
M.Chinnaswamy Stadium,Mumbai Indians,149,173,187
Rajiv Gandhi International Stadium,Rajasthan Royals,165,185,198
Punjab Cricket Association IS Bindra Stadium,Mumbai Indians,174,173,176
Arun Jaitley Stadium,Kolkata Knight Riders,144,159,185
Rajiv Gandhi International Stadium,Sunrisers Hyderabad,165,153,231
MA Chidambaram Stadium,Chennai Super Kings,148,137,175
Punjab Cricket Association IS Bindra Stadium,Kings XI Punjab,174,171,166
Sawai Mansingh Stadium,Royal Challengers Bangalore,151,208,158
Wankhede Stadium,Mumbai Indians,166,173,170
Arun Jaitley Stadium,Delhi Capitals,144,157,129
M.Chinnaswamy Stadium,Royal Challengers Bangalore,149,208,205
MA Chidambaram Stadium,Chennai Super Kings,148,137,160
Rajiv Gandhi International Stadium,Mumbai Indians,165,173,136
M.Chinnaswamy Stadium,Royal Challengers Bangalore,149,208,149
Sawai Mansingh Stadium,Rajasthan Royals,151,185,139
Punjab Cricket Association IS Bindra Stadium,Sunrisers Hyderabad,174,153,150
MA Chidambaram Stadium,Kolkata Knight Riders,148,159,108
Wankhede Stadium,Kings XI Punjab,166,171,197
Sawai Mansingh Stadium,Rajasthan Royals,151,185,151
Eden Gardens,Kolkata Knight Riders,164,159,178
Wankhede Stadium,Mumbai Indians,166,173,187
Punjab Cricket Association IS Bindra Stadium,Kings XI Punjab,174,171,173
Eden Gardens,Kolkata Knight Riders,164,159,161
Rajiv Gandhi International Stadium,Delhi Capitals,165,157,155
Wankhede Stadium,Royal Challengers Bangalore,166,208,171
Punjab Cricket Association IS Bindra Stadium,Kings XI Punjab,174,171,182
Rajiv Gandhi International Stadium,Chennai Super Kings,165,137,132
Arun Jaitley Stadium,Mumbai Indians,144,173,168
Eden Gardens,Royal Challengers Bangalore,164,208,213
Sawai Mansingh Stadium,Mumbai Indians,151,173,161
Arun Jaitley Stadium,Kings XI Punjab,144,171,163
Rajiv Gandhi International Stadium,Kolkata Knight Riders,165,159,159
M.Chinnaswamy Stadium,Royal Challengers Bangalore,149,208,161
Sawai Mansingh Stadium,Rajasthan Royals,151,185,191
MA Chidambaram Stadium,Sunrisers Hyderabad,148,153,175
M.Chinnaswamy Stadium,Royal Challengers Bangalore,149,208,202
Eden Gardens,Kolkata Knight Riders,164,159,175
MA Chidambaram Stadium,Mumbai Indians,148,173,155
Sawai Mansingh Stadium,Sunrisers Hyderabad,151,153,160
Arun Jaitley Stadium,Delhi Capitals,144,157,187
Eden Gardens,Kolkata Knight Riders,164,159,232
Rajiv Gandhi International Stadium,Sunrisers Hyderabad,165,153,212
M.Chinnaswamy Stadium,Royal Challengers Bangalore,149,208,62
MA Chidambaram Stadium,Chennai Super Kings,148,137,179
Wankhede Stadium,Mumbai Indians,166,173,162
Punjab Cricket Association IS Bindra Stadium,Kings XI Punjab,174,171,183
Arun Jaitley Stadium,Rajasthan Royals,144,185,115
M.Chinnaswamy Stadium,Sunrisers Hyderabad,149,153,175
Punjab Cricket Association IS Bindra Stadium,Chennai Super Kings,174,137,170
Wankhede Stadium,Kolkata Knight Riders,166,159,133
MA Chidambaram Stadium,Chennai Super Kings,148,137,131
Dr. Y.S. Rajasekhara Reddy ACA-VDCA Cricket Stadium,Sunrisers Hyderabad,159,153,162
Dr. Y.S. Rajasekhara Reddy ACA-VDCA Cricket Stadium,Delhi Capitals,159,157,147
Rajiv Gandhi International Stadium,Mumbai Indians,165,173,149
Sheikh Zayed Stadium,Mumbai Indians,138,173,162
Dubai International Cricket Stadium,Delhi Capitals,154,157,157
Sheikh Zayed Stadium,Kolkata Knight Riders,138,159,84
Sharjah Cricket Stadium,Mumbai Indians,145,173,149
Sharjah Cricket Stadium,Rajasthan Royals,145,185,216
Sheikh Zayed Stadium,Kolkata Knight Riders,138,159,194
Dubai International Cricket Stadium,Kings XI Punjab,154,171,126
Sheikh Zayed Stadium,Royal Challengers Bangalore,138,208,164
Sharjah Cricket Stadium,Delhi Capitals,145,157,184
Sheikh Zayed Stadium,Kolkata Knight Riders,138,159,167
Sharjah Cricket Stadium,Royal Challengers Bangalore,145,208,120
Sheikh Zayed Stadium,Mumbai Indians,138,173,191
Dubai International Cricket Stadium,Kolkata Knight Riders,154,159,174
Sheikh Zayed Stadium,Royal Challengers Bangalore,138,208,152
Sheikh Zayed Stadium,Kings XI Punjab,138,171,153
Dubai International Cricket Stadium,Sunrisers Hyderabad,154,153,158
Sheikh Zayed Stadium,Mumbai Indians,138,173,195
Sharjah Cricket Stadium,Chennai Super Kings,145,137,179
Dubai International Cricket Stadium,Kings XI Punjab,154,171,206
Sheikh Zayed Stadium,Mumbai Indians,138,173,193
Sheikh Zayed Stadium,Kolkata Knight Riders,138,159,163
Dubai International Cricket Stadium,Kings XI Punjab,154,171,178
Sheikh Zayed Stadium,Rajasthan Royals,138,185,154
Sharjah Cricket Stadium,Delhi Capitals,145,157,228
Dubai International Cricket Stadium,Sunrisers Hyderabad,154,153,164
Dubai International Cricket Stadium,Mumbai Indians,154,173,176
Dubai International Cricket Stadium,Rajasthan Royals,154,185,154
Dubai International Cricket Stadium,Delhi Capitals,154,157,196
Sharjah Cricket Stadium,Kolkata Knight Riders,145,159,149
Sharjah Cricket Stadium,Chennai Super Kings,145,137,114
Dubai International Cricket Stadium,Rajasthan Royals,154,185,177
Sheikh Zayed Stadium,Kolkata Knight Riders,138,159,164
Dubai International Cricket Stadium,Sunrisers Hyderabad,154,153,219
Dubai International Cricket Stadium,Royal Challengers Bangalore,154,208,169
Sheikh Zayed Stadium,Kolkata Knight Riders,138,159,148
Sharjah Cricket Stadium,Kings XI Punjab,145,171,223
Dubai International Cricket Stadium,Chennai Super Kings,154,137,167
Sheikh Zayed Stadium,Delhi Capitals,138,157,162
Dubai International Cricket Stadium,Kolkata Knight Riders,154,159,191
Sharjah Cricket Stadium,Royal Challengers Bangalore,145,208,171
Sheikh Zayed Stadium,Sunrisers Hyderabad,138,153,162
Sheikh Zayed Stadium,Chennai Super Kings,138,137,125
Dubai International Cricket Stadium,Royal Challengers Bangalore,154,208,163
Dubai International Cricket Stadium,Delhi Capitals,154,157,110
Dubai International Cricket Stadium,Kolkata Knight Riders,154,159,172
Sheikh Zayed Stadium,Kings XI Punjab,138,171,185
Sharjah Cricket Stadium,Mumbai Indians,145,173,208
Dubai International Cricket Stadium,Delhi Capitals,154,157,175
Sharjah Cricket Stadium,Royal Challengers Bangalore,145,208,194
Sheikh Zayed Stadium,Mumbai Indians,138,173,195
Dubai International Cricket Stadium,Sunrisers Hyderabad,154,153,201
Dubai International Cricket Stadium,Delhi Capitals,154,157,161
Dubai International Cricket Stadium,Royal Challengers Bangalore,154,208,145
Sheikh Zayed Stadium,Sunrisers Hyderabad,138,153,142
Dubai International Cricket Stadium,Delhi Capitals,154,157,164
Dubai International Cricket Stadium,Royal Challengers Bangalore,154,208,201
Dubai International Cricket Stadium,Mumbai Indians,154,173,200
Sheikh Zayed Stadium,Royal Challengers Bangalore,138,208,131
Sheikh Zayed Stadium,Delhi Capitals,138,157,189
Dubai International Cricket Stadium,Delhi Capitals,154,157,156
"MA Chidambaram Stadium, Chepauk, Chennai",Mumbai Indians,146,173,159
"Wankhede Stadium, Mumbai",Chennai Super Kings,175,137,188
"MA Chidambaram Stadium, Chepauk, Chennai",Kolkata Knight Riders,146,159,187
"Wankhede Stadium, Mumbai",Punjab Kings,175,154,221
"MA Chidambaram Stadium, Chepauk, Chennai",Mumbai Indians,146,173,152
"MA Chidambaram Stadium, Chepauk, Chennai",Royal Challengers Bangalore,146,208,149
"Wankhede Stadium, Mumbai",Delhi Capitals,175,157,147
"Wankhede Stadium, Mumbai",Punjab Kings,175,154,106
"MA Chidambaram Stadium, Chepauk, Chennai",Mumbai Indians,146,173,150
"MA Chidambaram Stadium, Chepauk, Chennai",Royal Challengers Bangalore,146,208,204
"Wankhede Stadium, Mumbai",Punjab Kings,175,154,195
"Wankhede Stadium, Mumbai",Chennai Super Kings,175,137,188
"MA Chidambaram Stadium, Chepauk, Chennai",Mumbai Indians,146,173,137
"MA Chidambaram Stadium, Chepauk, Chennai",Punjab Kings,146,154,120
"Wankhede Stadium, Mumbai",Chennai Super Kings,175,137,220
"Wankhede Stadium, Mumbai",Rajasthan Royals,175,185,177
"MA Chidambaram Stadium, Chepauk, Chennai",Mumbai Indians,146,173,131
"Wankhede Stadium, Mumbai",Kolkata Knight Riders,175,159,133
"Wankhede Stadium, Mumbai",Chennai Super Kings,175,137,191
"MA Chidambaram Stadium, Chepauk, Chennai",Delhi Capitals,146,157,159
"Narendra Modi Stadium, Ahmedabad",Punjab Kings,157,154,123
"Narendra Modi Stadium, Ahmedabad",Royal Challengers Bangalore,157,208,171
"Arun Jaitley Stadium, Delhi",Sunrisers Hyderabad,173,153,171
"Arun Jaitley Stadium, Delhi",Rajasthan Royals,173,185,171
"Narendra Modi Stadium, Ahmedabad",Kolkata Knight Riders,157,159,154
"Narendra Modi Stadium, Ahmedabad",Punjab Kings,157,154,179
"Arun Jaitley Stadium, Delhi",Chennai Super Kings,173,137,218
M Chinnaswamy Stadium,Kolkata Knight Riders,184,159,222
"Punjab Cricket Association Stadium, Mohali",Chennai Super Kings,131,137,240
Feroz Shah Kotla,Rajasthan Royals,166,185,129
Wankhede Stadium,Mumbai Indians,166,173,165
Eden Gardens,Deccan Chargers,164,156,110
Sawai Mansingh Stadium,Kings XI Punjab,151,171,166
"Rajiv Gandhi International Stadium, Uppal",Deccan Chargers,144,156,142
"MA Chidambaram Stadium, Chepauk",Chennai Super Kings,156,137,208
"Rajiv Gandhi International Stadium, Uppal",Deccan Chargers,144,156,214
"Punjab Cricket Association Stadium, Mohali",Kings XI Punjab,131,171,182
M Chinnaswamy Stadium,Royal Challengers Bangalore,184,208,135
"MA Chidambaram Stadium, Chepauk",Kolkata Knight Riders,156,159,147
Dr DY Patil Sports Academy,Mumbai Indians,131,173,154
"Punjab Cricket Association Stadium, Mohali",Delhi Daredevils,131,140,158
M Chinnaswamy Stadium,Chennai Super Kings,184,137,178
Eden Gardens,Kolkata Knight Riders,164,159,137
Feroz Shah Kotla,Delhi Daredevils,166,140,191
"Rajiv Gandhi International Stadium, Uppal",Deccan Chargers,144,156,164
Sawai Mansingh Stadium,Rajasthan Royals,151,185,196
"MA Chidambaram Stadium, Chepauk",Chennai Super Kings,156,137,169
"Rajiv Gandhi International Stadium, Uppal",Deccan Chargers,144,156,165
"Punjab Cricket Association Stadium, Mohali",Kings XI Punjab,131,171,178
Dr DY Patil Sports Academy,Mumbai Indians,131,173,162
Sawai Mansingh Stadium,Chennai Super Kings,151,137,109
M Chinnaswamy Stadium,Royal Challengers Bangalore,184,208,126
"MA Chidambaram Stadium, Chepauk",Chennai Super Kings,156,137,144
Dr DY Patil Sports Academy,Rajasthan Royals,131,185,103
Feroz Shah Kotla,Delhi Daredevils,166,140,187
Eden Gardens,Kolkata Knight Riders,164,159,129
Sawai Mansingh Stadium,Deccan Chargers,151,156,140
M Chinnaswamy Stadium,Royal Challengers Bangalore,184,208,122
"MA Chidambaram Stadium, Chepauk",Chennai Super Kings,156,137,181
"Rajiv Gandhi International Stadium, Uppal",Kolkata Knight Riders,144,159,204
Sawai Mansingh Stadium,Delhi Daredevils,151,140,156
"Punjab Cricket Association Stadium, Mohali",Royal Challengers Bangalore,131,208,143
Eden Gardens,Kolkata Knight Riders,164,159,133
Wankhede Stadium,Chennai Super Kings,166,137,156
"Punjab Cricket Association Stadium, Mohali",Kings XI Punjab,131,171,221
Feroz Shah Kotla,Delhi Daredevils,166,140,194
Wankhede Stadium,Kolkata Knight Riders,166,159,67
Feroz Shah Kotla,Delhi Daredevils,166,140,118
Sawai Mansingh Stadium,Rajasthan Royals,151,185,197
"Rajiv Gandhi International Stadium, Uppal",Mumbai Indians,144,173,170
Eden Gardens,Kolkata Knight Riders,164,159,149
M Chinnaswamy Stadium,Royal Challengers Bangalore,184,208,154
Eden Gardens,Kolkata Knight Riders,164,159,147
Wankhede Stadium,Kings XI Punjab,166,171,189
"MA Chidambaram Stadium, Chepauk",Royal Challengers Bangalore,156,208,126
"Punjab Cricket Association Stadium, Mohali",Deccan Chargers,131,156,175
Feroz Shah Kotla,Mumbai Indians,166,173,176
"MA Chidambaram Stadium, Chepauk",Rajasthan Royals,156,185,211
M Chinnaswamy Stadium,Royal Challengers Bangalore,184,208,156
Eden Gardens,Kings XI Punjab,164,171,174
Sawai Mansingh Stadium,Mumbai Indians,151,173,145
"Rajiv Gandhi International Stadium, Uppal",Deccan Chargers,144,156,147
Wankhede Stadium,Rajasthan Royals,166,185,192
Wankhede Stadium,Kings XI Punjab,166,171,112
Dr DY Patil Sports Academy,Chennai Super Kings,131,137,163
Newlands,Mumbai Indians,142,173,165
Newlands,Royal Challengers Bangalore,142,208,133
Newlands,Kings XI Punjab,142,171,104
Newlands,Kolkata Knight Riders,142,159,101
St George's Park,Chennai Super Kings,150,137,179
Kingsmead,Kings XI Punjab,119,171,158
Newlands,Deccan Chargers,142,156,184
Kingsmead,Delhi Daredevils,119,140,189
Newlands,Rajasthan Royals,142,185,150
Kingsmead,Royal Challengers Bangalore,119,208,168
Kingsmead,Deccan Chargers,119,156,168
St George's Park,Royal Challengers Bangalore,150,208,149
Newlands,Kings XI Punjab,142,171,139
Kingsmead,Chennai Super Kings,119,137,165
St George's Park,Mumbai Indians,150,173,187
SuperSport Park,Delhi Daredevils,160,140,143
Kingsmead,Kolkata Knight Riders,119,159,139
Kingsmead,Kings XI Punjab,119,171,119
SuperSport Park,Deccan Chargers,160,156,148
SuperSport Park,Chennai Super Kings,160,137,164
Buffalo Park,Mumbai Indians,121,173,148
Kingsmead,Royal Challengers Bangalore,119,208,145
St George's Park,Deccan Chargers,150,156,141
New Wanderers Stadium,Chennai Super Kings,141,137,163
St George's Park,Kolkata Knight Riders,150,159,153
New Wanderers Stadium,Mumbai Indians,141,173,149
Buffalo Park,Chennai Super Kings,121,137,178
Kingsmead,Rajasthan Royals,119,185,211
Kingsmead,Kolkata Knight Riders,119,159,154
SuperSport Park,Deccan Chargers,160,156,145
SuperSport Park,Royal Challengers Bangalore,160,208,105
SuperSport Park,Chennai Super Kings,160,137,185
Buffalo Park,Mumbai Indians,121,173,116
De Beers Diamond Oval,Deccan Chargers,139,156,168
De Beers Diamond Oval,Rajasthan Royals,139,185,140
St George's Park,Mumbai Indians,150,173,157
New Wanderers Stadium,Kolkata Knight Riders,141,159,123
De Beers Diamond Oval,Deccan Chargers,139,156,166
SuperSport Park,Kolkata Knight Riders,160,159,173
SuperSport Park,Kings XI Punjab,160,171,119
Kingsmead,Delhi Daredevils,119,140,173
Kingsmead,Chennai Super Kings,119,137,129
Kingsmead,Rajasthan Royals,119,185,145
OUTsurance Oval,Delhi Daredevils,105,140,120
St George's Park,Mumbai Indians,150,173,147
New Wanderers Stadium,Kolkata Knight Riders,141,159,160
New Wanderers Stadium,Kings XI Punjab,141,171,134
OUTsurance Oval,Delhi Daredevils,105,140,150
SuperSport Park,Chennai Super Kings,160,137,188
New Wanderers Stadium,Delhi Daredevils,141,140,134
Kingsmead,Rajasthan Royals,119,185,101
Kingsmead,Chennai Super Kings,119,137,116
SuperSport Park,Mumbai Indians,160,173,165
SuperSport Park,Royal Challengers Bangalore,160,208,170
SuperSport Park,Delhi Daredevils,160,140,153
New Wanderers Stadium,Chennai Super Kings,141,137,146
New Wanderers Stadium,Deccan Chargers,141,156,143
Dr DY Patil Sports Academy,Kolkata Knight Riders,131,159,161
Brabourne Stadium,Mumbai Indians,190,173,212
"Punjab Cricket Association Stadium, Mohali",Kings XI Punjab,131,171,142
Eden Gardens,Royal Challengers Bangalore,164,208,135
"MA Chidambaram Stadium, Chepauk",Deccan Chargers,156,156,190
"Sardar Patel Stadium, Motera",Rajasthan Royals,153,185,141
M Chinnaswamy Stadium,Kings XI Punjab,184,171,203
Eden Gardens,Chennai Super Kings,164,137,164
Feroz Shah Kotla,Mumbai Indians,166,173,218
M Chinnaswamy Stadium,Rajasthan Royals,184,185,92
Feroz Shah Kotla,Delhi Daredevils,166,140,185
Barabati Stadium,Deccan Chargers,156,156,170
"Sardar Patel Stadium, Motera",Rajasthan Royals,153,185,168
Brabourne Stadium,Mumbai Indians,190,173,151
Barabati Stadium,Deccan Chargers,156,156,171
"MA Chidambaram Stadium, Chepauk",Kings XI Punjab,156,171,136
Brabourne Stadium,Kolkata Knight Riders,190,159,155
M Chinnaswamy Stadium,Royal Challengers Bangalore,184,208,171
"Punjab Cricket Association Stadium, Mohali",Rajasthan Royals,131,185,183
"Brabourne Stadium, Mumbai",Chennai Super Kings,90,137,180
"Sardar Patel Stadium, Motera",Deccan Chargers,153,156,148
"Punjab Cricket Association Stadium, Mohali",Kolkata Knight Riders,131,159,183
M Chinnaswamy Stadium,Delhi Daredevils,184,140,183
"Sardar Patel Stadium, Motera",Rajasthan Royals,153,185,177
Dr DY Patil Sports Academy,Mumbai Indians,131,173,172
Feroz Shah Kotla,Delhi Daredevils,166,140,177
Brabourne Stadium,Kings XI Punjab,190,171,163
"MA Chidambaram Stadium, Chepauk",Royal Challengers Bangalore,156,208,161
Feroz Shah Kotla,Delhi Daredevils,166,140,188
Eden Gardens,Kolkata Knight Riders,164,159,181
"Punjab Cricket Association Stadium, Mohali",Kings XI Punjab,131,171,181
"MA Chidambaram Stadium, Chepauk",Chennai Super Kings,156,137,246
Brabourne Stadium,Mumbai Indians,190,173,178
Eden Gardens,Kolkata Knight Riders,164,159,200
Feroz Shah Kotla,Delhi Daredevils,166,140,184
"Vidarbha Cricket Association Stadium, Jamtha",Rajasthan Royals,129,185,159
"MA Chidambaram Stadium, Chepauk",Chennai Super Kings,156,137,165
Sawai Mansingh Stadium,Kings XI Punjab,151,171,153
Eden Gardens,Kolkata Knight Riders,164,159,181
M Chinnaswamy Stadium,Royal Challengers Bangalore,184,208,184
"Punjab Cricket Association Stadium, Mohali",Mumbai Indians,131,173,154
"Vidarbha Cricket Association Stadium, Jamtha",Chennai Super Kings,129,137,138
M Chinnaswamy Stadium,Kolkata Knight Riders,184,159,160
Feroz Shah Kotla,Delhi Daredevils,166,140,111
Sawai Mansingh Stadium,Mumbai Indians,151,173,174
"Vidarbha Cricket Association Stadium, Jamtha",Deccan Chargers,129,156,151
Brabourne Stadium,Mumbai Indians,190,173,34
"MA Chidambaram Stadium, Chepauk",Kolkata Knight Riders,156,159,139
Sawai Mansingh Stadium,Rajasthan Royals,151,185,130
"MA Chidambaram Stadium, Chepauk",Chennai Super Kings,156,137,112
Himachal Pradesh Cricket Association Stadium,Kings XI Punjab,171,171,174
M Chinnaswamy Stadium,Mumbai Indians,184,173,191
Eden Gardens,Rajasthan Royals,164,185,132
Himachal Pradesh Cricket Association Stadium,Kings XI Punjab,171,171,192
Feroz Shah Kotla,Deccan Chargers,166,156,145
Eden Gardens,Mumbai Indians,164,173,133
Dr DY Patil Sports Academy,Mumbai Indians,131,173,184
Dr DY Patil Sports Academy,Chennai Super Kings,131,137,142
Dr DY Patil Sports Academy,Deccan Chargers,131,156,82
Dr DY Patil Sports Academy,Chennai Super Kings,131,137,168
"MA Chidambaram Stadium, Chepauk",Chennai Super Kings,156,137,153
"Rajiv Gandhi International Stadium, Uppal",Deccan Chargers,144,156,137
Nehru Stadium,Kochi Tuskers Kerala,146,154,161
Feroz Shah Kotla,Delhi Daredevils,166,140,95
Dr DY Patil Sports Academy,Kings XI Punjab,131,171,112
Eden Gardens,Kolkata Knight Riders,164,159,163
Sawai Mansingh Stadium,Delhi Daredevils,151,140,151
M Chinnaswamy Stadium,Royal Challengers Bangalore,184,208,140
"Punjab Cricket Association Stadium, Mohali",Chennai Super Kings,131,137,188
Dr DY Patil Sports Academy,Kochi Tuskers Kerala,131,154,148
"Rajiv Gandhi International Stadium, Uppal",Deccan Chargers,144,156,175
Sawai Mansingh Stadium,Rajasthan Royals,151,185,159
Wankhede Stadium,Mumbai Indians,166,173,182
"MA Chidambaram Stadium, Chepauk",Chennai Super Kings,156,137,183
"Rajiv Gandhi International Stadium, Uppal",Deccan Chargers,144,156,165
Dr DY Patil Sports Academy,Pune Warriors,131,163,187
Eden Gardens,Rajasthan Royals,164,185,81
Nehru Stadium,Chennai Super Kings,146,137,131
Feroz Shah Kotla,Deccan Chargers,166,156,168
Wankhede Stadium,Pune Warriors,166,163,118
Eden Gardens,Kochi Tuskers Kerala,164,154,132
"Punjab Cricket Association Stadium, Mohali",Kings XI Punjab,131,171,195
Wankhede Stadium,Mumbai Indians,166,173,164
Eden Gardens,Kolkata Knight Riders,164,159,171
Feroz Shah Kotla,Delhi Daredevils,166,140,231
"Rajiv Gandhi International Stadium, Uppal",Mumbai Indians,144,173,172
Sawai Mansingh Stadium,Kochi Tuskers Kerala,151,154,109
"MA Chidambaram Stadium, Chepauk",Chennai Super Kings,156,137,142
Feroz Shah Kotla,Delhi Daredevils,166,140,160
Dr DY Patil Sports Academy,Pune Warriors,131,163,141
Nehru Stadium,Deccan Chargers,146,156,129
Feroz Shah Kotla,Kolkata Knight Riders,166,159,148
Sawai Mansingh Stadium,Mumbai Indians,151,173,94
M Chinnaswamy Stadium,Royal Challengers Bangalore,184,208,181
Nehru Stadium,Delhi Daredevils,146,140,157
Eden Gardens,Kings XI Punjab,164,171,119
Sawai Mansingh Stadium,Pune Warriors,151,163,143
"MA Chidambaram Stadium, Chepauk",Chennai Super Kings,156,137,165
Wankhede Stadium,Mumbai Indians,166,173,159
Feroz Shah Kotla,Delhi Daredevils,166,140,140
"Rajiv Gandhi International Stadium, Uppal",Kolkata Knight Riders,144,159,169
"MA Chidambaram Stadium, Chepauk",Rajasthan Royals,156,185,147
Dr DY Patil Sports Academy,Mumbai Indians,131,173,160
Nehru Stadium,Kochi Tuskers Kerala,146,154,156
"Rajiv Gandhi International Stadium, Uppal",Deccan Chargers,144,156,175
M Chinnaswamy Stadium,Royal Challengers Bangalore,184,208,205
Eden Gardens,Chennai Super Kings,164,137,114
Wankhede Stadium,Mumbai Indians,166,173,178
M Chinnaswamy Stadium,Kochi Tuskers Kerala,184,154,125
"Punjab Cricket Association Stadium, Mohali",Kings XI Punjab,131,171,119
Sawai Mansingh Stadium,Chennai Super Kings,151,137,196
"Rajiv Gandhi International Stadium, Uppal",Deccan Chargers,144,156,136
"Punjab Cricket Association Stadium, Mohali",Kings XI Punjab,131,171,163
Sawai Mansingh Stadium,Rajasthan Royals,151,185,146
"MA Chidambaram Stadium, Chepauk",Chennai Super Kings,156,137,176
Holkar Cricket Stadium,Kochi Tuskers Kerala,129,154,178
M Chinnaswamy Stadium,Kolkata Knight Riders,184,159,89
Wankhede Stadium,Deccan Chargers,166,156,135
Himachal Pradesh Cricket Association Stadium,Kings XI Punjab,171,171,170
Holkar Cricket Stadium,Rajasthan Royals,129,185,97
Dr DY Patil Sports Academy,Pune Warriors,131,163,136
Himachal Pradesh Cricket Association Stadium,Kings XI Punjab,171,171,232
"MA Chidambaram Stadium, Chepauk",Chennai Super Kings,156,137,152
Dr DY Patil Sports Academy,Pune Warriors,131,163,118
Wankhede Stadium,Mumbai Indians,166,173,133
Himachal Pradesh Cricket Association Stadium,Deccan Chargers,171,156,198
M Chinnaswamy Stadium,Chennai Super Kings,184,137,128
Eden Gardens,Kolkata Knight Riders,164,159,175
Wankhede Stadium,Royal Challengers Bangalore,166,208,175
Wankhede Stadium,Kolkata Knight Riders,166,159,147
"MA Chidambaram Stadium, Chepauk",Royal Challengers Bangalore,156,208,185
"MA Chidambaram Stadium, Chepauk",Chennai Super Kings,156,137,205
"MA Chidambaram Stadium, Chepauk",Chennai Super Kings,156,137,112
Eden Gardens,Kolkata Knight Riders,164,159,97
Wankhede Stadium,Pune Warriors,166,163,129
Sawai Mansingh Stadium,Rajasthan Royals,151,185,191
M Chinnaswamy Stadium,Royal Challengers Bangalore,184,208,157
Dr. Y.S. Rajasekhara Reddy ACA-VDCA Cricket Stadium,Chennai Super Kings,159,137,193
Sawai Mansingh Stadium,Rajasthan Royals,151,185,164
Subrata Roy Sahara Stadium,Pune Warriors,154,163,166
Dr. Y.S. Rajasekhara Reddy ACA-VDCA Cricket Stadium,Deccan Chargers,159,156,138
M Chinnaswamy Stadium,Kolkata Knight Riders,184,159,165
Feroz Shah Kotla,Chennai Super Kings,166,137,110
Wankhede Stadium,Mumbai Indians,166,173,197
"MA Chidambaram Stadium, Chepauk",Royal Challengers Bangalore,156,208,205
"Punjab Cricket Association Stadium, Mohali",Pune Warriors,131,163,115
Eden Gardens,Rajasthan Royals,164,185,131
Feroz Shah Kotla,Deccan Chargers,166,156,157
Subrata Roy Sahara Stadium,Chennai Super Kings,154,137,155
Eden Gardens,Kings XI Punjab,164,171,134
M Chinnaswamy Stadium,Rajasthan Royals,184,185,195
Wankhede Stadium,Mumbai Indians,166,173,92
Sawai Mansingh Stadium,Deccan Chargers,151,156,196
M Chinnaswamy Stadium,Pune Warriors,184,163,182
"Punjab Cricket Association Stadium, Mohali",Kings XI Punjab,131,171,124
"Rajiv Gandhi International Stadium, Uppal",Deccan Chargers,144,156,187
"MA Chidambaram Stadium, Chepauk",Chennai Super Kings,156,137,164
"Punjab Cricket Association Stadium, Mohali",Kings XI Punjab,131,171,163
"MA Chidambaram Stadium, Chepauk",Rajasthan Royals,156,185,146
Feroz Shah Kotla,Pune Warriors,166,163,192
Wankhede Stadium,Mumbai Indians,166,173,162
Barabati Stadium,Deccan Chargers,156,156,126
Sawai Mansingh Stadium,Royal Challengers Bangalore,151,208,189
Subrata Roy Sahara Stadium,Pune Warriors,154,163,146
"Punjab Cricket Association Stadium, Mohali",Kings XI Punjab,131,171,168
Subrata Roy Sahara Stadium,Deccan Chargers,154,156,177
Feroz Shah Kotla,Delhi Daredevils,166,140,207
"MA Chidambaram Stadium, Chepauk",Kings XI Punjab,156,171,156
Eden Gardens,Kolkata Knight Riders,164,159,190
Feroz Shah Kotla,Delhi Daredevils,166,140,152
Wankhede Stadium,Deccan Chargers,166,156,100
"MA Chidambaram Stadium, Chepauk",Chennai Super Kings,156,137,139
Barabati Stadium,Deccan Chargers,156,156,186
Sawai Mansingh Stadium,Rajasthan Royals,151,185,141
M Chinnaswamy Stadium,Royal Challengers Bangalore,184,208,158
Subrata Roy Sahara Stadium,Mumbai Indians,154,173,120
"MA Chidambaram Stadium, Chepauk",Chennai Super Kings,156,137,160
Eden Gardens,Kolkata Knight Riders,164,159,150
"Punjab Cricket Association Stadium, Mohali",Rajasthan Royals,131,185,177
Wankhede Stadium,Chennai Super Kings,166,137,173
M Chinnaswamy Stadium,Deccan Chargers,184,156,181
Feroz Shah Kotla,Delhi Daredevils,166,140,153
Subrata Roy Sahara Stadium,Pune Warriors,154,163,125
"Rajiv Gandhi International Stadium, Uppal",Kings XI Punjab,144,171,170
Wankhede Stadium,Mumbai Indians,166,173,141
Sawai Mansingh Stadium,Rajasthan Royals,151,185,126
Subrata Roy Sahara Stadium,Royal Challengers Bangalore,154,208,173
Eden Gardens,Mumbai Indians,164,173,182
"MA Chidambaram Stadium, Chepauk",Delhi Daredevils,156,140,114
Sawai Mansingh Stadium,Rajasthan Royals,151,185,170
"Punjab Cricket Association Stadium, Mohali",Deccan Chargers,131,156,190
M Chinnaswamy Stadium,Royal Challengers Bangalore,184,208,28
Eden Gardens,Kolkata Knight Riders,164,159,158
Feroz Shah Kotla,Kings XI Punjab,166,171,136
Wankhede Stadium,Kolkata Knight Riders,166,159,140
Himachal Pradesh Cricket Association Stadium,Chennai Super Kings,171,137,120
Feroz Shah Kotla,Royal Challengers Bangalore,166,208,215
"Rajiv Gandhi International Stadium, Uppal",Rajasthan Royals,144,185,126
Himachal Pradesh Cricket Association Stadium,Kings XI Punjab,171,171,141
Subrata Roy Sahara Stadium,Kolkata Knight Riders,154,159,136
"Rajiv Gandhi International Stadium, Uppal",Deccan Chargers,144,156,132
Sawai Mansingh Stadium,Rajasthan Royals,151,185,162
Subrata Roy Sahara Stadium,Kolkata Knight Riders,154,159,162
M Chinnaswamy Stadium,Chennai Super Kings,184,137,187
"MA Chidambaram Stadium, Chepauk",Chennai Super Kings,156,137,222
"MA Chidambaram Stadium, Chepauk",Chennai Super Kings,156,137,190
Eden Gardens,Delhi Daredevils,164,140,128
M Chinnaswamy Stadium,Royal Challengers Bangalore,184,208,156
"Rajiv Gandhi International Stadium, Uppal",Sunrisers Hyderabad,144,153,126
Feroz Shah Kotla,Rajasthan Royals,166,185,165
"MA Chidambaram Stadium, Chepauk",Mumbai Indians,156,173,148
Subrata Roy Sahara Stadium,Pune Warriors,154,163,99
"Rajiv Gandhi International Stadium, Uppal",Royal Challengers Bangalore,144,208,130
Sawai Mansingh Stadium,Rajasthan Royals,151,185,144
Wankhede Stadium,Mumbai Indians,166,173,209
"Punjab Cricket Association Stadium, Mohali",Kings XI Punjab,131,171,138
M Chinnaswamy Stadium,Kolkata Knight Riders,184,159,154
Subrata Roy Sahara Stadium,Rajasthan Royals,154,185,145
Feroz Shah Kotla,Delhi Daredevils,166,140,114
Wankhede Stadium,Mumbai Indians,166,173,183
"MA Chidambaram Stadium, Chepauk",Royal Challengers Bangalore,156,208,165
Eden Gardens,Kolkata Knight Riders,164,159,180
Sawai Mansingh Stadium,Kings XI Punjab,151,171,124
"MA Chidambaram Stadium, Chepauk",Pune Warriors,156,163,159
"Punjab Cricket Association Stadium, Mohali",Kings XI Punjab,131,171,157
M Chinnaswamy Stadium,Delhi Daredevils,184,140,152
Maharashtra Cricket Association Stadium,Sunrisers Hyderabad,170,153,119
Sawai Mansingh Stadium,Rajasthan Royals,151,185,179
Feroz Shah Kotla,Chennai Super Kings,166,137,169
"Rajiv Gandhi International Stadium, Uppal",Kings XI Punjab,144,171,123
Eden Gardens,Kolkata Knight Riders,164,159,119
M Chinnaswamy Stadium,Rajasthan Royals,184,185,117
Feroz Shah Kotla,Mumbai Indians,166,173,161
"Punjab Cricket Association Stadium, Mohali",Pune Warriors,131,163,185
"MA Chidambaram Stadium, Chepauk",Rajasthan Royals,156,185,185
M Chinnaswamy Stadium,Royal Challengers Bangalore,184,208,263
Himachal Pradesh Cricket Association Stadium,Kings XI Punjab,171,171,171
Eden Gardens,Kolkata Knight Riders,164,159,159
"MA Chidambaram Stadium, Chepauk",Sunrisers Hyderabad,156,153,159
Eden Gardens,Kings XI Punjab,164,171,149
Sawai Mansingh Stadium,Sunrisers Hyderabad,151,153,144
Wankhede Stadium,Mumbai Indians,166,173,194
"MA Chidambaram Stadium, Chepauk",Chennai Super Kings,156,137,200
Shaheed Veer Narayan Singh International Stadium,Delhi Daredevils,140,140,164
Sawai Mansingh Stadium,Royal Challengers Bangalore,151,208,171
Wankhede Stadium,Mumbai Indians,166,173,174
Subrata Roy Sahara Stadium,Chennai Super Kings,154,137,164
"Rajiv Gandhi International Stadium, Uppal",Mumbai Indians,144,173,129
Shaheed Veer Narayan Singh International Stadium,Kolkata Knight Riders,140,159,136
"MA Chidambaram Stadium, Chepauk",Chennai Super Kings,156,137,186
Subrata Roy Sahara Stadium,Royal Challengers Bangalore,154,208,187
Eden Gardens,Rajasthan Royals,164,185,132
"Rajiv Gandhi International Stadium, Uppal",Delhi Daredevils,144,140,80
M Chinnaswamy Stadium,Royal Challengers Bangalore,184,208,174
Wankhede Stadium,Mumbai Indians,166,173,139
Sawai Mansingh Stadium,Pune Warriors,151,163,178
M Chinnaswamy Stadium,Sunrisers Hyderabad,184,153,161
Sawai Mansingh Stadium,Delhi Daredevils,151,140,154
Wankhede Stadium,Mumbai Indians,166,173,170
"Rajiv Gandhi International Stadium, Uppal",Chennai Super Kings,144,137,223
"Punjab Cricket Association Stadium, Mohali",Kings XI Punjab,131,171,145
Subrata Roy Sahara Stadium,Kolkata Knight Riders,154,159,152
Feroz Shah Kotla,Royal Challengers Bangalore,166,208,183
Subrata Roy Sahara Stadium,Pune Warriors,154,163,112
"Punjab Cricket Association Stadium, Mohali",Sunrisers Hyderabad,131,153,150
JSCA International Stadium Complex,Royal Challengers Bangalore,150,208,115
Sawai Mansingh Stadium,Chennai Super Kings,151,137,141
Feroz Shah Kotla,Delhi Daredevils,166,140,120
Wankhede Stadium,Sunrisers Hyderabad,166,153,178
JSCA International Stadium Complex,Pune Warriors,150,163,170
"MA Chidambaram Stadium, Chepauk",Chennai Super Kings,156,137,168
Wankhede Stadium,Mumbai Indians,166,173,166
"Punjab Cricket Association Stadium, Mohali",Royal Challengers Bangalore,131,208,190
"Rajiv Gandhi International Stadium, Uppal",Sunrisers Hyderabad,144,153,136
Himachal Pradesh Cricket Association Stadium,Kings XI Punjab,171,171,183
Subrata Roy Sahara Stadium,Pune Warriors,154,163,172
M Chinnaswamy Stadium,Royal Challengers Bangalore,184,208,106
"Rajiv Gandhi International Stadium, Uppal",Kolkata Knight Riders,144,159,130
Feroz Shah Kotla,Chennai Super Kings,166,137,192
Feroz Shah Kotla,Sunrisers Hyderabad,166,153,132
Eden Gardens,Rajasthan Royals,164,185,165
Eden Gardens,Mumbai Indians,164,173,148
Sheikh Zayed Stadium,Kolkata Knight Riders,138,159,163
Sharjah Cricket Stadium,Delhi Daredevils,145,140,145
Sheikh Zayed Stadium,Chennai Super Kings,138,137,205
Sheikh Zayed Stadium,Sunrisers Hyderabad,138,153,133
Dubai International Cricket Stadium,Mumbai Indians,154,173,115
Dubai International Cricket Stadium,Kolkata Knight Riders,154,159,166
Sharjah Cricket Stadium,Rajasthan Royals,145,185,191
Sheikh Zayed Stadium,Chennai Super Kings,138,137,177
Sharjah Cricket Stadium,Kings XI Punjab,145,171,193
Dubai International Cricket Stadium,Chennai Super Kings,154,137,117
Sharjah Cricket Stadium,Kolkata Knight Riders,145,159,150
Dubai International Cricket Stadium,Sunrisers Hyderabad,154,153,184
Dubai International Cricket Stadium,Mumbai Indians,154,173,141
Sheikh Zayed Stadium,Royal Challengers Bangalore,138,208,70
Sheikh Zayed Stadium,Kings XI Punjab,138,171,132
Sharjah Cricket Stadium,Mumbai Indians,145,173,125
Sharjah Cricket Stadium,Sunrisers Hyderabad,145,153,145
Dubai International Cricket Stadium,Royal Challengers Bangalore,154,208,124
Sheikh Zayed Stadium,Rajasthan Royals,138,185,152
Dubai International Cricket Stadium,Sunrisers Hyderabad,154,153,172
JSCA International Stadium Complex,Chennai Super Kings,150,137,148
Wankhede Stadium,Kings XI Punjab,166,171,168
Feroz Shah Kotla,Delhi Daredevils,166,140,152
M Chinnaswamy Stadium,Sunrisers Hyderabad,184,153,155
"Sardar Patel Stadium, Motera",Rajasthan Royals,153,185,170
Feroz Shah Kotla,Delhi Daredevils,166,140,178
Wankhede Stadium,Mumbai Indians,166,173,187
Feroz Shah Kotla,Delhi Daredevils,166,140,160
Barabati Stadium,Kings XI Punjab,156,171,231
"Sardar Patel Stadium, Motera",Sunrisers Hyderabad,153,153,134
M Chinnaswamy Stadium,Kings XI Punjab,184,171,198
Feroz Shah Kotla,Delhi Daredevils,166,140,143
Wankhede Stadium,Mumbai Indians,166,173,157
Barabati Stadium,Kings XI Punjab,156,171,149
M Chinnaswamy Stadium,Royal Challengers Bangalore,184,208,190
"Rajiv Gandhi International Stadium, Uppal",Sunrisers Hyderabad,144,153,157
JSCA International Stadium Complex,Rajasthan Royals,150,185,148
M Chinnaswamy Stadium,Royal Challengers Bangalore,184,208,186
"Rajiv Gandhi International Stadium, Uppal",Sunrisers Hyderabad,144,153,205
Barabati Stadium,Mumbai Indians,156,173,141
"Sardar Patel Stadium, Motera",Rajasthan Royals,153,185,201
JSCA International Stadium Complex,Chennai Super Kings,150,137,138
"Rajiv Gandhi International Stadium, Uppal",Sunrisers Hyderabad,144,153,142
"Sardar Patel Stadium, Motera",Mumbai Indians,153,173,178
Feroz Shah Kotla,Delhi Daredevils,166,140,164
"Rajiv Gandhi International Stadium, Uppal",Royal Challengers Bangalore,144,208,160
Eden Gardens,Chennai Super Kings,164,137,154
"Punjab Cricket Association Stadium, Mohali",Kings XI Punjab,131,171,156
Eden Gardens,Kolkata Knight Riders,164,159,195
JSCA International Stadium Complex,Chennai Super Kings,150,137,185
Wankhede Stadium,Mumbai Indians,166,173,173
"Punjab Cricket Association Stadium, Mohali",Kings XI Punjab,131,171,179
M Chinnaswamy Stadium,Royal Challengers Bangalore,184,208,154
Eden Gardens,Sunrisers Hyderabad,164,153,160
"Punjab Cricket Association Stadium, Mohali",Delhi Daredevils,131,140,115
Wankhede Stadium,Rajasthan Royals,166,185,189
Eden Gardens,Kolkata Knight Riders,164,159,163
Brabourne Stadium,Mumbai Indians,190,173,173
Wankhede Stadium,Kings XI Punjab,166,171,226
M Chinnaswamy Stadium,Kings XI Punjab,184,171,199
Eden Gardens,Mumbai Indians,164,173,168
"MA Chidambaram Stadium, Chepauk",Chennai Super Kings,156,137,150
Maharashtra Cricket Association Stadium,Rajasthan Royals,170,185,162
"MA Chidambaram Stadium, Chepauk",Chennai Super Kings,156,137,209
Eden Gardens,Kolkata Knight Riders,164,159,177
Feroz Shah Kotla,Delhi Daredevils,166,140,184
Wankhede Stadium,Kings XI Punjab,166,171,177
M Chinnaswamy Stadium,Royal Challengers Bangalore,184,208,166
"Sardar Patel Stadium, Motera",Mumbai Indians,153,173,164
Eden Gardens,Chennai Super Kings,164,137,165
Maharashtra Cricket Association Stadium,Kings XI Punjab,170,171,165
Dr. Y.S. Rajasekhara Reddy ACA-VDCA Cricket Stadium,Sunrisers Hyderabad,159,153,127
Wankhede Stadium,Mumbai Indians,166,173,183
Dr. Y.S. Rajasekhara Reddy ACA-VDCA Cricket Stadium,Delhi Daredevils,159,140,167
Maharashtra Cricket Association Stadium,Kings XI Punjab,170,171,155
"Sardar Patel Stadium, Motera",Chennai Super Kings,153,137,156
M Chinnaswamy Stadium,Mumbai Indians,184,173,209
Feroz Shah Kotla,Delhi Daredevils,166,140,146
"Sardar Patel Stadium, Motera",Rajasthan Royals,153,185,191
Dr. Y.S. Rajasekhara Reddy ACA-VDCA Cricket Stadium,Sunrisers Hyderabad,159,153,176
M Chinnaswamy Stadium,Chennai Super Kings,184,137,181
Feroz Shah Kotla,Delhi Daredevils,166,140,190
"Sardar Patel Stadium, Motera",Rajasthan Royals,153,185,130
Wankhede Stadium,Mumbai Indians,166,173,157
"MA Chidambaram Stadium, Chepauk",Chennai Super Kings,156,137,192
Feroz Shah Kotla,Delhi Daredevils,166,140,95
"Punjab Cricket Association Stadium, Mohali",Sunrisers Hyderabad,131,153,150
Eden Gardens,Kolkata Knight Riders,164,159,171
"MA Chidambaram Stadium, Chepauk",Chennai Super Kings,156,137,134
Feroz Shah Kotla,Kings XI Punjab,166,171,118
Wankhede Stadium,Mumbai Indians,166,173,187
M Chinnaswamy Stadium,Kolkata Knight Riders,184,159,111
"Rajiv Gandhi International Stadium, Uppal",Sunrisers Hyderabad,144,153,192
"Punjab Cricket Association Stadium, Mohali",Mumbai Indians,131,173,172
Brabourne Stadium,Rajasthan Royals,190,185,189
"MA Chidambaram Stadium, Chepauk",Chennai Super Kings,156,137,148
Eden Gardens,Kolkata Knight Riders,164,159,167
Wankhede Stadium,Delhi Daredevils,166,140,152
M Chinnaswamy Stadium,Royal Challengers Bangalore,184,208,226
Brabourne Stadium,Sunrisers Hyderabad,190,153,201
"MA Chidambaram Stadium, Chepauk",Chennai Super Kings,156,137,158
Eden Gardens,Kings XI Punjab,164,171,183
Shaheed Veer Narayan Singh International Stadium,Sunrisers Hyderabad,140,153,163
Wankhede Stadium,Royal Challengers Bangalore,166,208,235
"MA Chidambaram Stadium, Chepauk",Chennai Super Kings,156,137,157
"Rajiv Gandhi International Stadium, Uppal",Sunrisers Hyderabad,144,153,185
Shaheed Veer Narayan Singh International Stadium,Chennai Super Kings,140,137,119
"Punjab Cricket Association Stadium, Mohali",Kings XI Punjab,131,171,106
Wankhede Stadium,Mumbai Indians,166,173,171
"Rajiv Gandhi International Stadium, Uppal",Sunrisers Hyderabad,144,153,135
"Punjab Cricket Association Stadium, Mohali",Kings XI Punjab,131,171,130
Brabourne Stadium,Rajasthan Royals,190,185,199
M Chinnaswamy Stadium,Delhi Daredevils,184,140,187
"Rajiv Gandhi International Stadium, Uppal",Sunrisers Hyderabad,144,153,113
Wankhede Stadium,Mumbai Indians,166,173,187
Maharashtra Cricket Association Stadium,Royal Challengers Bangalore,170,208,180
JSCA International Stadium Complex,Royal Challengers Bangalore,150,208,139
Eden Gardens,Mumbai Indians,164,173,202
Wankhede Stadium,Mumbai Indians,166,173,121
Eden Gardens,Delhi Daredevils,164,140,98
"Punjab Cricket Association IS Bindra Stadium, Mohali",Kings XI Punjab,176,171,161
M Chinnaswamy Stadium,Royal Challengers Bangalore,184,208,227
Eden Gardens,Kolkata Knight Riders,164,159,187
Saurashtra Cricket Association Stadium,Rising Pune Supergiants,154,139,163
Feroz Shah Kotla,Kings XI Punjab,166,171,111
"Rajiv Gandhi International Stadium, Uppal",Sunrisers Hyderabad,144,153,142
Wankhede Stadium,Mumbai Indians,166,173,143
"Punjab Cricket Association IS Bindra Stadium, Mohali",Rising Pune Supergiants,176,139,152
M Chinnaswamy Stadium,Royal Challengers Bangalore,184,208,191
"Rajiv Gandhi International Stadium, Uppal",Mumbai Indians,144,173,142
"Punjab Cricket Association IS Bindra Stadium, Mohali",Kings XI Punjab,176,171,138
Wankhede Stadium,Royal Challengers Bangalore,166,208,170
Saurashtra Cricket Association Stadium,Gujarat Lions,154,149,135
Maharashtra Cricket Association Stadium,Royal Challengers Bangalore,170,208,185
Feroz Shah Kotla,Delhi Daredevils,166,140,164
"Rajiv Gandhi International Stadium, Uppal",Kings XI Punjab,144,171,143
Saurashtra Cricket Association Stadium,Royal Challengers Bangalore,154,208,180
Maharashtra Cricket Association Stadium,Rising Pune Supergiants,170,139,160
"Punjab Cricket Association IS Bindra Stadium, Mohali",Mumbai Indians,176,173,189
"Rajiv Gandhi International Stadium, Uppal",Sunrisers Hyderabad,144,153,118
Feroz Shah Kotla,Gujarat Lions,166,149,172
Wankhede Stadium,Kolkata Knight Riders,166,159,174
Maharashtra Cricket Association Stadium,Rising Pune Supergiants,170,139,195
Feroz Shah Kotla,Delhi Daredevils,166,140,186
"Rajiv Gandhi International Stadium, Uppal",Sunrisers Hyderabad,144,153,194
Saurashtra Cricket Association Stadium,Kings XI Punjab,154,171,154
Maharashtra Cricket Association Stadium,Rising Pune Supergiants,170,139,159
M Chinnaswamy Stadium,Royal Challengers Bangalore,184,208,185
Saurashtra Cricket Association Stadium,Gujarat Lions,154,149,149
Eden Gardens,Kolkata Knight Riders,164,159,164
Feroz Shah Kotla,Delhi Daredevils,166,140,162
"Rajiv Gandhi International Stadium, Uppal",Gujarat Lions,144,149,126
M Chinnaswamy Stadium,Rising Pune Supergiants,184,139,191
"Punjab Cricket Association IS Bindra Stadium, Mohali",Kings XI Punjab,176,171,181
Dr. Y.S. Rajasekhara Reddy ACA-VDCA Cricket Stadium,Sunrisers Hyderabad,159,153,177
Eden Gardens,Kolkata Knight Riders,164,159,158
"Punjab Cricket Association IS Bindra Stadium, Mohali",Royal Challengers Bangalore,176,208,175
Dr. Y.S. Rajasekhara Reddy ACA-VDCA Cricket Stadium,Sunrisers Hyderabad,159,153,137
M Chinnaswamy Stadium,Royal Challengers Bangalore,184,208,151
"Rajiv Gandhi International Stadium, Uppal",Sunrisers Hyderabad,144,153,146
Dr. Y.S. Rajasekhara Reddy ACA-VDCA Cricket Stadium,Mumbai Indians,159,173,124
M Chinnaswamy Stadium,Royal Challengers Bangalore,184,208,248
Eden Gardens,Rising Pune Supergiants,164,139,103
"Punjab Cricket Association IS Bindra Stadium, Mohali",Kings XI Punjab,176,171,179
Dr. Y.S. Rajasekhara Reddy ACA-VDCA Cricket Stadium,Mumbai Indians,159,173,206
Eden Gardens,Kolkata Knight Riders,164,159,183
Dr. Y.S. Rajasekhara Reddy ACA-VDCA Cricket Stadium,Delhi Daredevils,159,140,121
M Chinnaswamy Stadium,Royal Challengers Bangalore,184,208,211
Green Park,Kolkata Knight Riders,148,159,124
Shaheed Veer Narayan Singh International Stadium,Sunrisers Hyderabad,140,153,158
Dr. Y.S. Rajasekhara Reddy ACA-VDCA Cricket Stadium,Kings XI Punjab,159,171,172
Green Park,Mumbai Indians,148,173,172
Eden Gardens,Kolkata Knight Riders,164,159,171
Shaheed Veer Narayan Singh International Stadium,Delhi Daredevils,140,140,138
M Chinnaswamy Stadium,Gujarat Lions,184,149,158
